{
  "applicationInfo":[
     {
        "applicationNo":"149641",
        "fundName":"HOSTPLUS",
        "fundCode":"HOSTPLUS",
        "applicationDate":"01/03/2019",
        "status":"Finalised EXCLUSION APPLY",
        "source":"",
        "lastActionDate":"",
        "category":"Additional Cover",
        "underWriter":"Vamshi, Nandyala",
        "totalDeathCover":"$500,000.00",
        "totalTraumaCover":"",
        "totalTPDCover":"$500,000.00",
        "totalSCICover":"",
        "requestWaitPeriod":"",
        "requestBenefitPeriod":"",
        "totDeathCoverDecison":"Accept",
        "totTPDCoverDecison":"Accept",
        "totTraumaCoverDecison":"",
        "totSCICoverDecison":"",
        "totDeathCoverLoding":"",
        "totTPDCoverLoding":"",
        "totTraCoverLoding":"",
        "totSCICoverLoding":"",
        "extDeathGroupCover":"$229,156.00",
        "extTPDGroupCover":"$229,156.00",
        "extTraumaGroupCover":"",
        "extSCICover":"",
        "decisionLetterPath":""
     }
  ],
  "memberInfo":[
     {
        "firstName":"Sarah",
        "surName":"Williams",
        "memberDob":"03/04/1977",
        "memberGender":"Male",
        "memberType":"",
        "clientReferenceNo":"103476787"
     }
  ],
  "eventInfo":[
     {
        "eventId":"Decision communicated to Administrator/Broker/Member",
        "eventDate":"04/03/2019",
        "requirement":"",
        "comments":"Need a new PS due to age of the application"
     },
     {
      "eventId":"Counter offer",
      "eventDate":"04/03/2019",
      "requirement":"",
      "comments":"1st follow up email sent to member with requirement e-letter attached that was issued on 19.02.18."
    },
    {
      "eventId":"Application reopened",
      "eventDate":"01/03/2019",
      "requirement":"",
      "comments":""
    }
  ]
}