
[{
     "applicationNo":"456123",
     "fundName":"CARE Super",
     "fundCode":"CARE",
     "clientReferenceNo":"4567890",
     "firstName":"Sarah",
     "surName":"Williams",
     "memberDob":"02.02.68",
     "memberGender":"",
     "memberType":"",
     "applicationDate":"01/03/2019",
     "status":"Processed",
     "source":"Import",
     "lastActionDate":"02.02.68",
     "totalDeathCover":"$450,000",
     "totalTraumaCover":"$450,000",
     "totalTPDCover":"$450,000",
     "totalSCICover":"$6,000",
     "requestWaitPeriod":"90 Days",
     "requestBenefitPeriod":"2 Years"
  },
  {
    "applicationNo":"456789",
    "fundName":"VIC Super",
    "fundCode":"VICT",
    "clientReferenceNo":"345678",
    "firstName":"James",
    "surName":"Franklin",
    "memberDob":"02.02.68",
    "memberGender":"",
    "memberType":"Admin Policy",
    "applicationDate":"",
    "status":"Processed",
    "source":"Import",
    "lastActionDate":"02.02.68",
    "totalDeathCover":"$450,000",
    "totalTraumaCover":"$450,000",
    "totalTPDCover":"$450,000",
    "totalSCICover":"$6,000",
    "requestWaitPeriod":"90 Days",
    "requestBenefitPeriod":"2 Years"
 },
 {
  "applicationNo":"1233456",
  "fundName":"MTAA Super",
  "fundCode":"MTAA Super",
  "clientReferenceNo":"345678",
  "firstName":"Kevin",
  "surName":"Matthews",
  "memberDob":"02.02.68",
  "memberGender":"",
  "memberType":"",
  "applicationDate":"01/03/2019",
  "status":"Processed",
  "source":"Import",
  "lastActionDate":"02.02.68",
  "totalDeathCover":"$450,000",
  "totalTraumaCover":"$450,000",
  "totalTPDCover":"$450,000",
  "totalSCICover":"$6,000",
  "requestWaitPeriod":"90 Days",
  "requestBenefitPeriod":"2 Years"
}]